dest_ip,dest_port
13.212.81.49,10029
13.212.81.49,8765
27.124.81.146,8080
170.239.205.185,999
78.12.193.250,9277
43.208.240.77,56815
177.11.67.163,8999
18.179.12.21,799
16.78.93.162,27019
13.211.233.22,58819
15.160.181.77,8989
16.78.108.50,10346
202.5.36.241,1628
43.208.16.9,22563
43.208.129.50,342
103.46.8.102,8080
15.168.235.57,32241
54.154.27.41,172
45.166.95.41,999
176.88.175.247,8080
47.176.240.250,4228
14.251.13.0,8080
78.12.143.148,20415
78.13.74.125,5138
54.199.199.66,8803
102.212.45.34,12354
211.230.49.122,3128
103.185.43.242,8080
40.192.6.219,156
18.163.3.251,202
190.102.246.94,999
145.40.68.148,9400
157.175.196.63,552
51.16.56.189,314
128.199.113.85,9090
43.208.16.9,8689
181.119.107.115,999
222.127.76.123,8082
103.172.121.58,7777
145.40.97.148,9401
160.25.48.6,9090
78.12.220.164,477
54.221.235.245,3128
3.38.101.138,15065
3.107.252.199,8423
13.125.7.17,33427
200.10.31.202,999
13.114.9.221,290
18.183.141.82,7772
35.183.64.191,13822
13.114.9.221,8351
179.1.203.109,999
78.12.143.148,10079
43.216.1.13,135
202.175.221.171,8080
157.20.253.194,1111
45.238.56.117,8080
45.167.126.170,999
13.60.209.160,34449
13.114.9.221,5829
13.231.159.110,9309
102.66.161.200,9999
16.78.105.11,9875
16.78.47.161,8024
78.12.230.52,17399
15.160.181.77,18843
204.186.254.106,8080
13.114.9.221,8222
51.20.192.194,622
203.143.24.17,8080
201.139.115.206,8082
13.212.76.113,3132
43.198.248.18,9315
3.38.101.138,609
200.85.167.254,8080
121.101.129.150,3128
103.78.215.250,8080
16.78.104.244,17328
13.125.7.17,70
78.12.143.148,9800
13.61.18.44,4599
52.188.28.218,3128
18.163.3.251,7788
181.174.231.26,999
78.12.121.123,4022
160.25.48.13,9090
78.12.220.164,10122
128.199.254.13,9090
203.175.102.162,1111
5.134.48.59,8080
78.13.74.125,8081
141.136.63.126,8080
103.109.173.11,8080
179.189.120.146,3128
164.163.40.14,10000
43.208.16.9,9083
40.192.100.166,230
16.78.108.50,418
43.198.185.30,8090
78.12.121.123,8071
103.48.68.218,83
15.168.235.57,10030
78.12.230.52,540
185.135.99.14,8080
18.143.167.190,8022
138.219.250.24,3128
181.78.202.29,8080
3.107.252.199,8950
188.166.230.109,31028
37.187.109.70,10111
40.192.39.118,80
157.15.62.23,8085
13.115.193.75,20104
13.125.7.17,8858
187.245.214.11,999
72.10.164.178,30833
40.192.27.104,421
3.122.235.189,9898
43.208.16.9,8400
195.158.10.99,8080
51.20.192.194,8050
78.12.193.250,8072
40.192.3.100,5987
62.201.217.243,40010
13.60.209.160,3060
157.175.196.122,9068
182.253.35.27,8080
13.59.97.103,19698
43.208.240.77,20867
51.48.124.225,9469
103.171.255.60,8080
154.159.247.119,8080
157.175.152.104,414
13.218.86.1,9062
38.156.23.51,999
128.199.121.61,9090
145.40.68.148,10051
78.12.230.52,1008
202.191.126.52,25251
18.143.167.190,31433
13.231.159.110,752
18.143.173.102,10965
154.0.14.116,3128
58.137.174.101,8080
18.60.222.217,8018
78.13.74.125,8028
13.211.233.22,30944
45.167.125.252,2021
45.4.58.223,8080
152.42.170.187,9090
40.192.100.166,45741
113.11.64.18,9107
78.12.82.74,26791
103.22.99.12,2020
103.191.165.146,8090
179.228.241.22,8080
78.12.82.74,10072
18.143.173.102,2626
54.90.159.174,345
13.114.9.221,9330
202.148.13.182,8080
16.78.82.73,631
38.211.24.190,8090
157.180.121.252,10029
38.191.90.65,999
157.20.252.203,8080
177.11.67.162,8999
3.38.101.138,14569
16.78.108.50,20315
190.60.37.245,999
102.135.198.94,8082
13.247.64.55,524
15.160.186.74,44803
13.115.193.75,8010
128.199.116.219,9090
18.226.170.181,9056
186.180.73.50,9090
13.125.7.17,10122
190.242.157.215,8080
78.12.249.123,12542
34.216.224.9,40715
103.157.78.122,8097
16.78.108.50,24955
103.126.87.246,8088
190.145.227.114,999
51.20.192.194,54643
13.60.209.160,45741
186.96.50.113,999
18.163.3.251,10080
103.93.93.95,8181
40.192.27.104,1006
45.228.192.107,3141
43.209.8.12,437
125.25.32.38,8080
43.208.240.77,170
38.250.155.131,999
181.209.118.250,999
110.164.128.124,8080
176.126.103.194,44214
52.193.148.177,288
157.175.196.122,10891
204.199.140.25,999
78.13.74.125,8899
40.172.232.213,130
197.164.101.11,1976
40.192.100.166,369
44.251.173.250,30709
181.62.249.189,8081
205.237.104.203,3128
13.212.76.113,3142
103.158.253.61,1452
103.170.64.200,80
43.208.240.77,54
43.229.79.217,3129
35.183.64.191,30309
80.78.64.117,8080
41.89.56.116,3128
157.175.197.28,13765
43.208.240.77,56831
157.175.147.228,8092
40.192.3.100,137
43.198.185.30,25043
190.185.112.58,999
106.0.158.114,8080
13.114.9.221,379
18.179.12.21,578
3.122.235.189,10027
13.114.9.221,8947
95.214.123.93,8080
18.179.12.21,262
43.216.1.13,119
18.179.12.21,10101
157.175.196.122,21939
1.20.169.9,8080
154.64.211.145,999
217.52.247.73,1981
203.190.46.159,3127
49.48.98.19,8080
43.208.240.77,9280
186.235.123.3,8080
13.59.97.103,39489
149.86.151.151,8080
13.125.7.17,58563
202.191.123.195,25251
16.78.41.33,8050
43.216.1.13,22301
103.204.211.48,32255
210.211.101.120,30000
152.53.36.101,20867
102.209.18.204,8080
102.23.239.2,8080
103.147.134.59,8080
222.165.205.212,1452
115.147.34.75,8082
187.111.144.102,8080
170.130.202.134,3128
13.115.193.75,8091
164.163.73.69,999
16.78.82.73,8770
168.228.44.66,999
200.39.139.65,999
13.231.159.110,90
103.157.83.231,8080
103.167.30.238,64999
78.12.121.123,10609
145.40.97.148,10022
13.60.209.160,10063
18.60.222.217,191
38.65.174.107,999
45.230.170.30,999
101.255.148.2,8080
18.188.141.177,20051
18.183.141.82,416
157.125.220.80,8080
145.40.97.148,10002
185.138.120.109,8080
54.199.199.66,20172
15.168.235.57,555
51.20.192.194,8890
43.208.16.9,44
44.251.173.250,45314
18.143.167.190,9165
18.163.49.218,28737
190.15.194.72,8080
13.61.18.44,8058
40.176.96.235,11745
13.212.81.49,20279
18.163.3.251,18998
203.177.237.138,8282
179.1.209.73,8080
128.199.120.45,9090
200.29.232.230,8080
78.12.249.123,955
45.144.234.129,53681
40.192.39.118,3128
203.83.41.97,8090
52.47.164.226,9870
3.107.252.199,5006
15.160.186.74,49920
40.192.31.252,3128
43.208.240.77,8218
43.198.185.30,6620
16.78.93.162,8549
51.16.49.113,31196
23.237.210.82,80
52.193.148.177,8784
176.31.69.137,56789
8.243.197.200,999
13.59.97.103,9159
103.158.97.196,8080
18.143.165.238,9545
157.175.152.104,8789
40.192.100.166,9191
13.212.81.49,8728
154.73.29.161,8080
189.48.37.164,8999
103.115.20.34,3127
103.55.253.12,8080
157.175.43.137,10481
157.175.152.104,8714
103.179.218.14,1080
43.208.16.9,575
13.59.97.103,137
3.38.101.138,9180
103.160.68.233,8080
91.205.172.113,3120
60.248.185.247,80
16.78.41.33,9942
147.75.101.246,80
40.192.3.100,20691
157.175.196.122,21803
16.78.41.33,9341
43.216.1.13,354
16.78.82.73,4393
43.208.25.125,2493
40.192.27.104,569
54.90.159.174,9765
195.133.220.46,1971
43.208.16.9,9663
13.59.97.103,34687
72.10.160.90,25833
103.126.87.160,8088
103.185.250.142,1452
37.238.63.45,8082
18.226.170.181,8763
103.148.131.87,8080
40.192.27.104,57853
103.109.212.85,8428
45.174.94.26,999
54.90.159.174,16929
78.12.220.164,55775
157.175.196.63,9443
103.54.81.152,8085
13.115.193.75,8087
102.36.133.62,8080
78.12.220.164,14365
52.47.164.226,286
78.12.82.74,25251
18.188.141.177,47293
13.231.159.110,9507
13.212.81.49,9469
38.252.215.109,999
212.96.201.54,1080
45.4.202.170,999
103.172.23.86,1111
18.143.165.238,414
78.12.230.52,4134
41.33.142.182,8081
43.224.116.218,25251
78.12.193.250,8089
185.200.37.114,8080
43.209.8.12,454
51.16.56.189,8534
200.37.252.122,8080
78.12.230.52,639
13.114.9.221,8022
18.143.167.190,20928
54.90.159.174,9025
78.12.143.148,939
41.203.76.166,8080
157.175.45.145,10914
13.60.209.160,8006
123.200.10.46,56
203.76.220.126,16464
14.232.228.80,8080
18.143.167.190,301
13.59.97.103,35677
18.163.49.218,89
78.12.143.148,9792
190.60.45.79,999
78.12.143.148,12445
78.12.223.246,30005
13.115.193.75,45035
43.208.129.50,329
40.192.6.219,76
52.47.164.226,20610
18.163.3.251,384
18.163.3.251,9986
78.13.74.125,8288
212.68.38.170,8080
38.194.231.70,999
13.114.9.221,10012
40.192.3.100,136
13.212.81.49,44769
54.180.143.12,20399
15.168.235.57,9001
14.234.141.1,20499
51.16.56.189,9010
78.12.249.123,18081
173.44.175.229,3128
202.181.16.173,3325
190.94.212.228,999
43.216.1.13,572
193.43.140.228,8080
182.78.36.218,83
103.146.246.101,9335
190.217.19.185,999
54.199.199.66,10035
8.219.97.248,80
45.144.234.129,52028
13.115.193.75,131
103.182.189.250,8080
193.43.145.250,8080
43.209.8.12,1040
67.43.228.251,7631
190.14.234.180,999
78.12.82.74,8092
119.148.38.217,39043
103.169.254.9,6080
45.174.191.135,8080
112.78.155.181,3128
176.88.175.151,8080
54.180.143.12,103
186.97.200.214,999
195.158.8.123,3128
16.78.47.161,8535
160.248.189.97,3127
203.188.251.50,8080
43.198.185.30,9159
15.160.181.77,9052
43.208.129.50,9185
52.193.148.177,88
78.12.193.250,93
16.78.108.50,59611
8.243.68.10,8080
13.247.64.55,41890
78.12.249.123,8282
78.12.223.246,38102
218.152.130.48,3128
78.12.82.74,8480
78.12.223.246,8834
103.133.27.42,8090
140.245.102.185,3128
5.102.109.41,999
78.12.230.52,9501
45.65.138.48,999
43.208.240.77,36865
43.209.130.76,412
160.22.195.10,8097
103.39.51.190,8080
78.12.143.148,8035
78.12.230.52,8033
110.77.204.160,8080
43.216.1.13,13403
176.108.246.18,10801
16.78.93.162,12931
181.174.231.30,9992
13.218.86.1,9443
198.12.37.6,8080
190.94.213.23,999
103.172.42.227,8080
103.101.216.42,8090
16.78.105.11,9050
196.216.133.17,9999
3.107.252.199,8020
128.199.114.189,9090
177.93.59.150,999
157.180.121.252,33901
197.218.16.16,3128
38.190.100.236,999
43.208.16.9,7699
13.114.9.221,494
177.11.67.161,8999
16.78.82.73,37455
185.200.37.242,8080
72.10.164.178,21027
35.183.64.191,8499
18.163.49.218,521
18.163.49.218,7837
43.208.251.198,3128
103.192.158.115,46
78.12.143.148,20139
157.175.196.122,10064
78.12.121.123,10010
43.209.8.12,8095
43.208.25.125,24975
45.166.95.49,999
43.208.129.50,8132
13.61.18.44,3163
103.229.14.114,8080
13.59.97.103,8606
40.192.6.219,6087
177.234.194.30,999
78.13.74.125,8010
103.189.197.179,3030
18.163.49.218,2002
119.92.71.40,8080
43.208.240.77,20831
103.155.197.103,8080
103.132.155.91,1452
18.143.173.102,127
103.180.118.99,8044
18.183.141.82,31059
190.61.45.92,8081
103.147.246.140,8080
78.12.82.74,9947
179.1.131.129,8080
123.143.162.221,6388
200.115.96.50,999
51.16.49.113,16825
209.14.98.6,8080
13.60.209.160,231
16.78.105.11,10562
13.247.64.55,4419
200.26.187.76,999
13.61.18.44,521
103.146.246.101,9357
16.78.82.73,160
202.4.125.221,9999
187.103.105.20,8085
78.12.220.164,8900
78.12.121.123,280
15.168.235.57,20850
49.0.34.194,8080
103.139.98.50,8090
177.93.59.66,999
59.153.18.93,19201
103.231.239.166,58080
54.154.27.41,194
202.179.93.132,58080
13.125.7.17,54322
3.38.101.138,33096
157.175.170.170,57032
18.226.170.181,9020
18.163.49.218,9141
157.175.43.137,27763
202.5.52.112,25251
18.163.3.251,5129
93.125.3.22,8080
45.7.13.162,8080
31.15.169.77,808
79.106.33.26,8079
13.211.233.22,59394
43.198.185.30,48976
54.199.199.66,329
103.150.255.104,43969
43.216.1.13,8081
61.91.202.211,8080
3.122.235.189,9745
43.198.185.30,4022
103.39.71.102,8181
103.156.75.129,1111
157.180.121.252,35173
54.90.159.174,15311
103.175.237.234,3128
3.38.101.138,52311
40.192.100.166,475
170.81.241.226,999
164.163.42.4,10000
18.163.3.251,8849
15.160.186.74,665
160.187.204.10,8090
13.218.86.1,2707
190.60.36.26,999
200.26.187.67,999
54.154.27.41,55824
43.208.16.9,7772
18.226.170.181,16335
13.125.7.17,738
103.129.200.129,8070
16.78.47.161,301
52.193.148.177,628
103.76.108.89,8080
13.247.64.55,574
103.48.71.2,83
13.115.193.75,21792
78.12.193.250,1122
103.133.61.179,8095
43.208.16.9,9141
160.250.238.2,8080
18.143.173.102,8315
103.161.130.208,8181
18.183.141.82,768
177.234.217.235,999
202.191.123.162,25251
103.16.118.78,8070
35.183.64.191,224
157.10.89.203,8880
35.183.64.191,45065
51.48.124.225,3134
52.47.164.226,9176
103.156.57.85,1111
3.38.101.138,8875
103.191.254.134,8080
45.118.114.30,8080
43.209.8.12,59001
103.156.74.184,8081
34.216.224.9,8871
18.179.12.21,8416
201.245.195.11,999
78.12.143.148,6314
16.78.41.33,46753
43.198.248.18,8562
78.12.121.123,8770
3.122.235.189,59001
16.78.82.73,258
18.143.167.190,283
45.167.126.174,999
54.90.159.174,42450
137.59.49.65,25251
131.100.48.123,999
78.12.143.148,8159
18.183.141.82,3163
18.226.170.181,53983
145.40.97.148,10033
40.172.232.213,9200
103.70.79.3,8080
78.12.223.246,9991
199.188.207.170,8080
103.172.42.113,1111
103.146.246.101,9384
78.12.121.123,32106
157.175.170.170,4433
187.84.176.20,8080
43.165.133.57,3128
43.208.16.9,9384
18.163.3.251,11
43.208.251.198,1080
157.175.170.170,49
78.13.74.125,397
179.1.115.25,999
103.147.246.17,8080
40.192.39.118,1080
177.234.217.236,999
18.226.170.181,20901
147.45.232.203,8080
157.175.152.104,9090
152.231.27.138,999
16.78.93.162,46797
51.16.56.189,22407
13.61.18.44,10055
43.208.129.50,21503
16.78.82.73,9256
16.78.108.50,9281
157.175.196.63,10061
18.188.141.177,10880
